Date Time,ID,Floor,Location,Total num students,Total seats,Num groups,Size of group,Num empty seats,Ratio filled/empty seats per table,Num talking,Num studying,Num eating,Num on phone,Decibel level (dBA),
12:00 PM,1,1,Tech Rec,3,44,1,3,41,0.07317073171,3,0,0,0,63,
,2,1,Marrakech Express dining area,25,60,5,5,35,0.7142857143,15,2,4,2,67,
,3,1,Piedmont room sitting area,15,24,6,2.5,9,1.666666667,5,6,4,1,71,
,4,1,Post Office,6,20,3,2,14,0.4285714286,2,1,0,0,67,
,5,1,Chick-Fil-A/Panda dining area,63,104,6,10.5,41,1.536585366,10,5,10,5,60,
,6,1,Cypress Theater dining area,36,84,10,3.6,48,0.75,4,3,27,2,63,
,7,2,Southern Company BSO Space,6,14,5,1.2,8,0.75,2,5,4,0,49,
,8,2,Student Organizations Hub,36,44,8,4.5,8,4.5,7,15,20,4,57,
,9,2,Music Practice Rooms,22,42,10,2.2,20,1.1,3,20,4,4,53,
,10,2,Student Media sitting area,5,18,2,2.5,13,0.3846153846,0,3,2,2,51,
,11,2,Dancing Goats Coffee sitting area,27,52,15,1.8,25,1.08,0,2,5,8,59,
,12,2,Infodesk sitting area,4,15,2,2,11,0.3636363636,4,0,0,1,53,
,13,2,DePoe Eye Center sitting area,8,10,7,1.142857143,2,4,0,1,1,1,56,
,14,2,Noodle Theory/Pop up sitting area,17,54,11,1.545454545,37,0.4594594595,15,3,14,3,61,
,15,2,Twisted Taco sitting area,3,21,3,1,18,0.1666666667,0,3,0,1,52,
,16,2,Twisted Taco corner sitting area,32,100,19,1.684210526,68,0.4705882353,15,7,29,5,53,
,17,2,Campus crust sitting area,4,24,4,1,20,0.2,0,1,2,1,59,
,18,2,Tech Eatery sitting area,47,104,25,1.88,57,0.8245614035,23,10,32,10,58,
,19,3,Reflection space seating area,1,7,1,1,6,0.1666666667,0,1,0,0,49,
,20,3,Graduate student lounge sitting area,17,58,10,1.7,41,0.4146341463,3,16,0,1,54,
,21,3,Krog boardroom sitting area,15,43,12,1.25,28,0.5357142857,1,14,2,1,52,
,22,3,Multicultural center sitting area,6,23,2,3,17,0.3529411765,6,2,3,1,59,
,23,3,Event Services sitting area,3,6,3,1,3,1,1,1,1,1,52,
,24,3,Denning Boardroom Huddle Space,2,4,1,2,2,1,1,2,2,0,52,
,25,3,3rd floor long tables sitting area,16,28,4,4,12,1.333333333,3,13,2,0,56,
,26,3,CSE desk sitting area,5,20,5,1,15,0.3333333333,0,5,1,1,55,
2:00 PM,1,1,Tech Rec,5,44,2,2.5,39,0.1282051282,2,0,1,1,60,
,2,1,Marrakech Express dining area,6,60,2,3,54,0.1111111111,2,1,1,1,68,
,3,1,Piedmont room sitting area,6,24,3,2,18,0.3333333333,3,2,0,1,65,
,4,1,Post Office,3,20,2,1.5,17,0.1764705882,1,0,0,2,72,
,5,1,Chick-Fil-A/Panda dining area,70,104,9,7.777777778,34,2.058823529,12,10,33,15,63,
,6,1,Cypress Theater dining area,20,84,8,2.5,64,0.3125,5,8,4,0,65,
,7,2,Southern Company BSO Space,10,14,3,3.333333333,4,2.5,5,4,0,1,68,
,8,2,Student Organizations Hub,13,44,4,3.25,31,0.4193548387,9,4,0,0,65,
,9,2,Music Practice Rooms,22,42,10,2.2,20,1.1,3,17,1,3,59,
,10,2,Student Media sitting area,5,18,2,2.5,13,0.3846153846,0,3,0,0,59,
,11,2,Dancing Goats Coffee sitting area,16,52,15,1.066666667,36,0.4444444444,2,3,9,2,70,
,12,2,Infodesk sitting area,7,15,2,3.5,8,0.875,6,0,0,1,63,
,13,2,DePoe Eye Center sitting area,2,10,2,1,8,0.25,0,1,0,1,63,
,14,2,Noodle Theory/Pop up sitting area,18,54,11,1.636363636,36,0.5,4,6,6,2,67,
,15,2,Twisted Taco sitting area,9,21,3,3,12,0.75,0,7,2,0,65,
,16,2,Twisted Taco corner sitting area,34,100,19,1.789473684,66,0.5151515152,5,18,8,3,65,
,17,2,Campus crust sitting area,6,24,6,1,18,0.3333333333,0,3,3,0,65,
,18,2,Tech Eatery sitting area,24,104,13,1.846153846,80,0.3,2,9,11,2,62,
,19,3,Reflection space seating area,1,7,1,1,6,0.1666666667,0,1,0,0,54,
,20,3,Graduate student lounge sitting area,14,58,2,7,44,0.3181818182,4,3,4,2,61,
,21,3,Krog boardroom sitting area,19,43,3,6.333333333,24,0.7916666667,8,4,1,4,60,
,22,3,Multicultural center sitting area,4,23,1,4,19,0.2105263158,1,3,2,1,52,
,23,3,Event Services sitting area,5,6,2,2.5,1,5,2,0,3,0,65,
,24,3,Denning Boardroom Huddle Space,3,4,1,3,1,3,3,3,2,2,54,
,25,3,3rd floor long tables sitting area,25,28,9,2.777777778,3,8.333333333,13,15,2,0,62,
,26,3,CSE desk sitting area,10,20,3,3.333333333,10,1,1,3,2,3,61,
4:00 PM,1,1,Tech Rec,2,44,2,1,42,0.04761904762,0,2,0,0,59,
,2,1,Marrakech Express dining area,10,60,7,1.428571429,50,0.2,5,2,4,3,57,
,3,1,Piedmont room sitting area,9,24,4,2.25,15,0.6,7,1,1,2,53,
,4,1,Post Office,5,20,5,1,15,0.3333333333,4,0,0,0,48,
,5,1,Chick-Fil-A/Panda dining area,34,104,10,3.4,70,0.4857142857,15,3,30,10,68,
,6,1,Cypress Theater dining area,14,84,13,1.076923077,70,0.2,4,5,10,3,61,
,7,2,Southern Company BSO Space,3,14,3,1,11,0.2727272727,0,2,1,0,52,
,8,2,Student Organizations Hub,20,44,5,4,24,0.8333333333,10,1,5,5,60,
,9,2,Music Practice Rooms,5,42,3,1.666666667,37,0.1351351351,0,5,0,0,53,
,10,2,Student Media sitting area,6,18,5,1.2,12,0.5,0,6,0,0,60,
,11,2,Dancing Goats Coffee sitting area,12,52,5,2.4,40,0.3,0,4,3,5,60,
,12,2,Infodesk sitting area,1,15,1,1,14,0.07142857143,0,1,0,0,66,
,13,2,DePoe Eye Center sitting area,2,10,2,1,8,0.25,0,0,1,1,59,
,14,2,Noodle Theory/Pop up sitting area,17,54,12,1.416666667,37,0.4594594595,3,6,6,2,61,
,15,2,Twisted Taco sitting area,9,21,5,1.8,12,0.75,2,2,3,2,66,
,16,2,Twisted Taco corner sitting area,18,100,12,1.5,82,0.2195121951,2,7,4,5,61,
,17,2,Campus crust sitting area,5,24,5,1,19,0.2631578947,0,5,0,0,60,
,18,2,Tech Eatery sitting area,19,104,14,1.357142857,85,0.2235294118,2,10,3,4,59,
,19,3,Reflection space seating area,2,7,2,1,5,0.4,0,2,0,0,58,
,20,3,Graduate student lounge sitting area,19,58,8,2.375,39,0.4871794872,8,4,5,2,64,
,21,3,Krog boardroom sitting area,15,43,4,3.75,28,0.5357142857,4,8,2,1,66,
,22,3,Multicultural center sitting area,9,23,5,1.8,14,0.6428571429,5,3,1,0,64,
,23,3,Event Services sitting area,2,6,2,1,4,0.5,2,1,2,1,62,
,24,3,Denning Boardroom Huddle Space,2,4,1,2,2,1,0,2,1,2,62,
,25,3,3rd floor long tables sitting area,20,28,9,2.222222222,8,2.5,9,15,4,2,73,
,26,3,CSE desk sitting area,13,20,6,2.166666667,7,1.857142857,4,5,3,1,68,
6:00 PM,1,1,Tech Rec,32,44,6,5.333333333,12,2.666666667,24,3,3,2,58,
,2,1,Marrakech Express dining area,14,60,11,1.272727273,46,0.3043478261,3,10,9,2,56,
,3,1,Piedmont room sitting area,11,24,4,2.75,13,0.8461538462,6,3,3,2,53,
,4,1,Post Office,0,20,0,0,20,0,0,0,0,0,0,
,5,1,Chick-Fil-A/Panda dining area,62,104,42,1.476190476,42,1.476190476,41,10,15,12,68,
,6,1,Cypress Theater dining area,8,84,7,1.142857143,64,0.125,4,3,5,2,60,
,7,2,Southern Company BSO Space,2,14,2,1,11,0.1818181818,0,1,0,0,52,
,8,2,Student Organizations Hub,14,44,4,3.5,28,0.5,3,10,1,1,67,
,9,2,Music Practice Rooms,7,42,4,1.75,38,0.1842105263,2,5,0,0,49,
,10,2,Student Media sitting area,3,18,3,1,15,0.2,0,2,0,1,56,
,11,2,Dancing Goats Coffee sitting area,12,52,7,1.714285714,52,0.2307692308,2,7,2,1,61,
,12,2,Infodesk sitting area,1,15,1,1,14,0.07142857143,0,1,0,0,58,
,13,2,DePoe Eye Center sitting area,1,10,1,1,9,0.1111111111,0,1,0,0,60,
,14,2,Noodle Theory/Pop up sitting area,8,54,8,1,44,0.1818181818,0,3,3,2,56,
,15,2,Twisted Taco sitting area,11,21,7,1.571428571,16,0.6875,2,1,8,0,68,
,16,2,Twisted Taco corner sitting area,21,100,11,1.909090909,94,0.2234042553,2,11,7,1,60,
,17,2,Campus crust sitting area,3,24,3,1,12,0.25,0,1,2,0,61,
,18,2,Tech Eatery sitting area,18,104,13,1.384615385,86,0.2093023256,2,11,4,1,54,
,19,3,Reflection space seating area,2,7,2,1,7,0.2857142857,0,2,0,0,64,
,20,3,Graduate student lounge sitting area,11,58,3,3.666666667,18,0.6111111111,4,5,2,0,62,
,21,3,Krog boardroom sitting area,28,43,6,4.666666667,33,0.8484848485,4,16,2,6,60,
,22,3,Multicultural center sitting area,16,23,3,5.333333333,7,2.285714286,2,5,3,6,62,
,23,3,Event Services sitting area,5,6,5,1,1,5,3,5,2,3,60,
,24,3,Denning Boardroom Huddle Space,4,4,1,4,0,1,0,4,0,2,64,
,25,3,3rd floor long tables sitting area,28,28,5,5.6,0,1,6,27,4,8,66,
,26,3,CSE desk sitting area,14,20,3,4.666666667,6,2.333333333,2,6,2,4,64,
8:00 PM,1,1,Tech Rec,3,44,1,3,41,0.07317073171,3,0,0,0,62,
,2,1,Marrakech Express dining area,14,60,8,1.75,46,0.3043478261,5,1,5,3,63,
,3,1,Piedmont room sitting area,1,24,1,1,23,0.04347826087,0,0,0,1,62,
,4,1,Post Office,0,20,0,0,20,0,0,0,0,0,62,
,5,1,Chick-Fil-A/Panda dining area,64,104,9,7.111111111,40,1.6,6,2,4,7,81,
,6,1,Cypress Theater dining area,20,84,11,1.818181818,64,0.3125,2,5,5,4,59,
,7,2,Southern Company BSO Space,3,14,3,1,11,0.2727272727,0,2,1,0,58,
,8,2,Student Organizations Hub,16,44,10,1.6,28,0.5714285714,3,2,7,4,60,
,9,2,Music Practice Rooms,4,42,2,2,38,0.1052631579,0,0,0,2,54,
,10,2,Student Media sitting area,3,18,2,1.5,15,0.2,0,0,0,1,65,
,11,2,Dancing Goats Coffee sitting area,0,52,0,0,52,0,0,0,0,0,52,
,12,2,Infodesk sitting area,1,15,1,1,14,0.07142857143,0,1,0,0,62,
,13,2,DePoe Eye Center sitting area,1,10,1,1,9,0.1111111111,0,1,0,0,64,
,14,2,Noodle Theory/Pop up sitting area,10,54,4,2.5,44,0.2272727273,2,8,0,0,62,
,15,2,Twisted Taco sitting area,5,21,3,1.666666667,16,0.3125,2,1,1,0,60,
,16,2,Twisted Taco corner sitting area,6,100,4,1.5,94,0.06382978723,2,2,2,0,62,
,17,2,Campus crust sitting area,12,24,4,3,12,1,10,4,0,0,80,
,18,2,Tech Eatery sitting area,18,104,9,2,86,0.2093023256,2,6,0,2,74,
,19,3,Reflection space seating area,0,7,0,0,7,0,0,0,0,0,57,
,20,3,Graduate student lounge sitting area,40,58,9,4.444444444,18,2.222222222,30,4,2,0,82,# it was a ton of people meeting for church
,21,3,Krog boardroom sitting area,10,43,4,2.5,33,0.303030303,4,1,0,5,57,
,22,3,Multicultural center sitting area,8,23,4,2,15,0.5333333333,2,5,0,0,52,
,23,3,Event Services sitting area,6,6,3,2,0,1,4,2,0,0,52,
,24,3,Denning Boardroom Huddle Space,4,4,2,2,0,1,2,1,0,1,47,
,25,3,3rd floor long tables sitting area,9,28,4,2.25,19,0.4736842105,4,2,0,3,56,
,26,3,CSE desk sitting area,2,20,1,2,18,0.1111111111,0,2,0,0,52,